CC,vocabulary,length,difficulty,effort,time,mi_index,LOC,loops,comparisons,variables,string_literals,numeric_literals,math_operations,Maxnested_blocks,unique_words,false,none,true,and,as,assert,async,await,break,class,continue,def,del,elif,else,except,finally,for,from,global,if,import,in,is,lambda,nonlocal,not,or,pass,print,raise,return,try,while,with,yield,accuracy
2,5,7,1.3333333333333333,21.67132888561538,1.2039627158675212,96.81739816394608,9,0,0,2,8,4,0,1,6,0,0,0,0,0,0,0,0,0,0,0,1,0,0,0,0,0,0,0,0,1,0,1,1,0,0,1,0,0,0,0,2,0,0,0,0,1
3,0,0,0.0,0.0,0.0,100.0,14,3,0,5,1,11,0,0,11,0,0,0,0,0,0,0,0,0,0,0,1,0,0,0,0,0,3,0,0,0,0,3,0,0,0,0,0,0,0,0,1,0,0,0,0,1
1,7,9,0.5,12.63309714925922,0.701838730514401,96.55063099280832,10,0,0,5,1,4,3,0,10,0,0,0,0,0,0,0,0,0,0,0,1,0,0,0,0,0,0,0,0,0,1,0,0,0,0,0,0,0,0,0,1,0,0,0,0,1
1,0,0,0.0,0.0,0.0,100.0,9,0,0,2,6,0,1,0,17,0,0,0,0,0,0,0,0,0,0,0,1,0,0,0,0,0,0,0,0,0,1,0,0,0,0,0,0,0,0,0,1,0,0,0,0,0
2,5,6,1.3333333333333333,18.575424759098897,1.0319680421721609,90.4603681253306,8,0,0,2,2,4,1,1,7,0,0,0,0,0,0,0,0,0,0,0,1,0,0,0,0,0,0,0,0,1,0,0,1,0,0,0,0,0,0,1,1,0,0,1,0,1
3,3,3,0.5,2.3774437510817346,0.1320802083934297,100.0,8,1,0,6,3,0,0,0,10,0,0,0,0,0,0,0,0,0,0,0,1,0,0,0,0,0,1,0,0,1,0,2,0,0,0,1,0,0,0,0,1,0,0,0,0,1
1,3,3,0.5,2.3774437510817346,0.1320802083934297,100.0,6,0,1,3,0,10,0,0,7,0,0,0,0,0,0,0,0,0,0,0,1,0,0,0,0,0,0,0,0,0,0,0,0,0,0,0,0,0,0,0,1,0,0,0,0,1
3,11,15,1.875,97.296514274174,5.405361904120777,91.78854568975463,13,0,2,3,0,7,5,1,8,2,0,1,0,0,0,0,0,0,0,0,1,0,0,0,0,0,0,0,0,2,1,0,0,0,0,0,0,0,0,0,3,0,0,0,0,0
1,10,11,2.3333333333333335,85.26282110210897,4.736823394561609,93.74937044745573,7,0,1,3,0,5,2,0,7,0,0,0,0,0,0,0,0,0,0,0,1,0,0,0,0,0,0,0,0,0,0,0,0,0,0,0,0,0,0,0,1,0,0,0,0,1
0,0,0,0.0,0.0,0.0,0.0,9,1,0,4,3,6,0,1,13,0,0,0,0,0,0,0,0,0,0,0,1,0,0,0,0,0,1,0,0,1,0,1,0,0,0,0,0,0,0,0,2,0,0,0,0,0
1,10,15,1.9285714285714286,96.09863417352727,5.338813009640404,99.08567153859214,5,0,1,2,0,8,0,0,5,0,0,0,0,0,0,0,0,0,0,0,1,0,0,0,0,0,0,0,0,0,0,0,0,0,0,0,0,0,0,0,1,0,0,0,0,1
3,14,17,3.0555555555555554,197.77093622910328,10.987274234950183,71.66803273673,4,0,0,1,1,3,3,1,6,0,0,0,0,0,0,0,0,0,0,0,1,0,0,0,0,0,0,0,0,1,0,0,0,0,0,1,1,0,0,1,1,0,0,0,0,0
6,14,21,2.8,223.8724694169871,12.437359412054839,88.83394403744555,10,3,1,6,2,7,5,3,14,0,0,0,1,0,0,0,0,0,0,0,1,0,0,0,0,0,3,0,0,1,0,3,0,0,0,0,0,0,0,0,1,0,0,0,0,1
2,2,2,0.5,1.0,0.05555555555555555,82.37587162552974,4,0,0,1,1,0,0,1,5,0,0,0,0,0,0,0,0,0,0,0,1,0,0,0,0,0,0,0,0,1,0,0,0,0,0,1,0,0,0,1,1,0,0,0,0,1
5,8,12,2.4,86.39999999999999,4.8,91.34592827193718,14,1,0,5,1,11,1,2,10,0,0,0,0,0,0,0,0,0,0,0,1,0,1,0,0,0,1,0,0,2,0,1,0,0,0,0,0,0,0,1,1,0,0,0,0,0
1,0,0,0.0,0.0,0.0,100.0,5,0,0,2,0,11,0,0,7,0,0,0,0,0,0,0,0,0,0,0,1,0,0,0,0,0,0,0,0,0,0,0,0,0,0,0,0,0,0,0,1,0,0,0,0,1
3,4,6,0.6666666666666666,8.0,0.4444444444444444,97.57791756123491,10,1,0,4,0,10,2,2,8,0,0,0,0,0,0,0,0,0,0,0,1,0,0,0,0,0,1,0,0,1,0,1,0,0,0,0,0,0,0,0,1,0,0,0,0,1
3,3,3,0.5,2.3774437510817346,0.1320802083934297,84.44724042799471,2,1,0,2,0,2,0,0,4,0,0,0,0,0,0,0,0,0,0,0,1,0,0,0,0,0,1,0,0,1,0,1,0,0,0,0,0,0,0,0,1,0,0,0,0,1
3,21,39,2.1666666666666665,371.15082222480527,20.619490123600293,80.34224871072485,17,5,0,6,1,14,13,2,11,0,0,0,0,0,0,0,0,0,0,0,2,0,0,0,0,0,5,0,0,0,0,5,0,0,0,0,0,0,0,0,2,0,0,0,0,0
5,14,18,3.3333333333333335,228.44129532345625,12.691183073525346,65.65670658270541,8,1,0,4,0,3,3,2,8,2,0,1,0,0,0,0,0,0,0,0,1,0,0,0,0,0,1,0,0,2,0,1,0,0,0,0,1,0,0,0,1,0,0,0,0,1
2,11,12,1.5,62.26976913547136,3.4594316186372978,96.15552863910408,7,1,0,3,0,16,2,0,7,0,0,0,0,0,0,0,0,0,0,0,1,0,0,0,0,0,1,0,0,0,0,2,0,0,0,0,0,0,0,0,1,0,0,0,0,1
4,5,5,1.0,11.60964047443681,0.6449800263576005,99.10754031627584,8,1,1,3,0,1,0,2,5,1,0,2,0,0,0,0,0,0,0,0,1,0,0,0,0,0,1,0,0,2,0,1,0,0,0,1,0,0,0,0,3,0,0,0,0,1
1,0,0,0.0,0.0,0.0,100.0,5,0,0,2,2,7,0,0,5,0,0,0,0,0,0,0,0,0,0,0,1,0,0,0,0,0,0,0,0,0,0,0,0,0,0,0,0,0,0,0,1,0,0,0,0,0
4,16,24,3.6363636363636362,349.09090909090907,19.39393939393939,89.47746268928071,13,1,1,5,0,8,3,2,11,2,0,1,0,0,0,0,0,0,0,0,1,0,0,0,0,0,1,0,0,2,1,1,0,0,0,0,0,0,0,0,3,0,0,0,0,0
6,6,6,1.0,15.509775004326936,0.861654166907052,85.83069544781756,14,2,2,5,0,20,0,4,9,2,0,2,0,0,0,0,0,1,0,0,1,0,0,0,0,0,2,0,0,3,0,2,0,0,0,0,0,0,0,0,2,0,0,0,0,0
4,6,6,1.0,15.509775004326936,0.861654166907052,100.0,5,2,1,4,0,14,1,0,7,0,0,0,0,0,0,0,0,0,0,0,1,0,0,0,0,0,2,0,0,1,0,2,0,0,0,0,0,0,0,0,1,0,0,0,0,1
2,10,10,2.0,66.43856189774725,3.691031216541514,98.61770357409863,7,0,1,1,1,5,1,1,8,0,0,0,0,0,0,0,0,0,0,0,1,0,0,0,0,0,0,0,0,1,0,0,0,0,0,1,0,0,0,1,1,0,0,0,0,1
1,6,6,1.0,15.509775004326936,0.861654166907052,81.12095583420833,2,0,1,1,0,2,1,0,3,0,0,0,0,0,0,0,0,0,0,0,1,0,0,0,0,0,0,0,0,0,0,0,0,0,0,0,0,0,0,0,1,0,0,0,0,1
3,18,23,3.75,359.65603137439945,19.98089063191108,70.47220235891382,4,0,0,1,1,4,6,1,6,0,0,0,0,0,0,0,0,0,0,0,1,0,0,0,0,0,0,0,0,1,0,0,0,0,0,1,1,0,0,1,1,0,0,0,0,1
2,12,15,2.5,134.43609377704337,7.468671876502409,84.42733421463278,9,0,0,2,2,6,4,1,9,0,0,0,0,0,0,0,0,0,0,0,1,0,0,0,0,0,0,0,0,1,1,0,1,0,0,0,0,0,0,1,1,0,0,1,0,1
2,7,9,1.2,30.319433158222125,1.6844129532345624,97.60594114606695,8,1,0,5,2,2,3,1,11,0,0,0,0,0,0,0,0,0,0,0,1,0,0,0,0,0,1,0,0,0,0,1,0,0,0,0,0,0,0,0,1,0,0,0,0,0
6,14,17,3.0555555555555554,197.77093622910328,10.987274234950183,85.57259358911294,11,4,0,7,0,6,3,3,15,0,0,0,0,0,0,0,0,0,0,0,1,0,0,0,0,0,3,0,0,1,0,4,0,0,0,1,0,0,0,0,1,0,1,0,0,0
2,10,12,1.7142857142857142,68.33680652339717,3.796489251299843,85.33762675091594,9,0,0,2,2,5,4,1,9,0,0,0,0,0,0,0,0,0,0,0,1,0,0,0,0,0,0,0,0,1,1,0,1,0,0,0,0,0,0,1,1,0,0,1,0,1
3,18,23,4.7727272727272725,457.7440399310538,25.4302244406141,95.25901269752443,7,0,0,1,1,8,4,1,7,0,0,0,0,0,0,0,0,0,0,0,1,0,0,0,0,0,0,0,0,1,0,0,0,0,0,1,1,0,0,1,1,0,0,0,0,1
1,0,0,0.0,0.0,0.0,100.0,8,0,0,5,6,6,3,0,13,0,0,0,0,0,0,0,0,0,0,0,1,0,0,0,0,0,0,0,0,0,0,0,0,0,0,0,0,0,0,0,1,0,0,0,0,0
3,6,6,1.0,15.509775004326936,0.861654166907052,91.923647927996,10,1,0,4,0,12,1,2,6,0,0,0,0,0,0,0,0,0,0,0,1,0,0,0,0,0,1,0,0,1,0,2,0,0,0,0,0,0,0,0,1,0,0,0,0,1
6,18,42,8.909090909090908,1560.310118721505,86.68389548452805,58.483227709453764,13,1,2,4,0,9,9,2,5,0,1,0,0,0,0,0,0,0,0,0,1,0,1,0,0,0,0,0,0,2,0,0,0,0,0,0,1,0,0,0,3,0,1,0,0,1
2,0,0,0.0,0.0,0.0,100.0,3,1,0,3,0,0,0,0,7,0,0,0,0,0,0,0,0,0,0,0,1,0,0,0,0,0,1,0,0,0,0,1,0,0,0,0,0,0,0,0,1,0,0,0,0,0
3,3,3,0.5,2.3774437510817346,0.1320802083934297,98.64415552361811,10,1,0,3,6,0,0,2,5,1,0,1,0,0,0,0,0,0,0,0,1,0,0,0,0,0,1,0,0,1,0,2,0,0,0,0,0,0,0,0,2,0,0,0,0,1
4,6,6,1.0,15.509775004326936,0.861654166907052,94.23524757278607,14,1,0,5,0,8,0,2,10,2,0,1,0,0,0,0,0,0,0,0,1,0,0,0,0,0,1,0,0,2,0,2,0,0,0,1,0,0,0,0,3,0,0,0,0,0
3,10,11,2.3333333333333335,85.26282110210897,4.736823394561609,73.40655818579066,4,0,0,2,3,1,2,1,7,0,0,0,1,0,0,0,0,0,0,0,1,0,0,0,0,0,0,0,0,1,0,0,1,0,0,1,0,0,0,1,1,0,0,0,0,1
2,2,2,0.5,1.0,0.05555555555555555,100.0,5,0,0,2,1,2,0,1,8,0,0,0,0,0,0,0,0,0,0,0,1,0,0,0,0,0,0,0,0,1,0,0,1,0,0,1,0,0,0,1,1,0,0,0,0,1
3,2,2,0.5,1.0,0.05555555555555555,82.24136870155313,4,1,0,2,1,0,0,1,9,0,0,0,0,0,0,0,0,0,0,0,1,0,0,0,0,0,1,0,0,1,0,1,0,0,0,1,0,0,0,1,1,0,0,0,0,1
5,15,24,5.333333333333333,500.08199623789034,27.78233312432724,87.50236030684529,14,1,2,3,1,9,5,3,11,0,0,0,0,0,0,0,0,0,0,0,1,0,0,0,0,0,1,0,0,3,1,1,0,0,0,0,0,0,0,1,1,0,0,0,0,1
5,6,6,1.0,15.509775004326936,0.861654166907052,96.6654598667335,11,3,0,6,0,14,1,2,8,0,0,0,0,0,0,0,0,0,0,0,1,0,0,0,0,0,3,0,0,1,0,4,0,0,0,0,0,0,0,0,1,0,0,0,0,1
3,7,8,1.875,42.11032383086406,2.3394624350480036,96.63979577959967,10,1,0,3,1,7,2,1,8,0,0,0,0,0,0,0,0,0,0,0,1,0,0,0,0,0,1,0,0,1,0,1,0,0,0,1,0,0,0,1,1,0,0,0,0,1
1,0,0,0.0,0.0,0.0,100.0,5,0,0,1,0,4,0,0,4,0,0,0,0,0,0,0,0,0,0,0,1,0,0,0,0,0,0,0,0,0,0,0,0,0,0,0,0,0,0,0,1,0,0,0,0,1
3,8,8,1.5,36.0,2.0,91.94299908169275,13,1,1,2,0,5,1,2,7,0,0,0,0,0,0,0,0,0,0,0,3,0,0,0,0,0,0,0,0,1,0,0,0,0,0,0,0,0,0,0,3,0,1,0,0,1
3,9,12,3.2,121.72512005538482,6.762506669743601,94.99010860802464,7,0,0,2,1,8,1,1,7,0,0,0,0,0,0,0,0,0,0,0,1,0,0,0,0,0,0,0,0,1,0,0,1,0,0,0,1,0,0,1,1,0,0,0,0,1
2,3,3,0.5,2.3774437510817346,0.1320802083934297,100.0,5,1,0,3,4,2,1,0,10,0,0,0,0,0,0,0,0,0,0,0,1,0,0,0,0,0,1,0,0,0,0,1,0,0,0,0,0,0,0,0,1,0,0,0,0,0
5,18,24,5.090909090909091,509.4890183580425,28.30494546433569,89.46935352067358,12,1,0,4,2,8,6,2,12,0,0,0,1,0,0,0,0,0,0,0,1,0,0,0,0,0,1,0,0,2,1,1,0,0,0,0,1,0,0,1,2,0,0,0,0,0
2,0,0,0.0,0.0,0.0,100.0,5,1,0,4,9,0,0,0,7,0,0,0,0,0,0,0,0,0,0,0,1,0,0,0,0,0,1,0,0,0,0,1,0,0,0,0,0,0,0,0,1,0,0,0,0,1
1,0,0,0.0,0.0,0.0,100.0,4,0,0,1,0,0,0,0,3,0,0,0,0,0,0,0,0,0,0,0,1,0,0,0,0,0,0,0,0,0,0,0,0,0,0,0,0,0,0,0,1,0,0,0,0,1
1,0,0,0.0,0.0,0.0,100.0,9,0,0,5,0,6,0,0,10,0,0,0,0,0,0,0,0,0,0,0,1,0,0,0,0,0,0,0,0,0,0,0,0,0,0,0,0,0,0,0,1,0,0,0,0,0
1,5,6,0.5,6.965784284662087,0.3869880158145604,98.7580540394041,9,0,0,4,0,9,2,0,7,0,0,0,0,0,0,0,0,0,0,0,1,0,0,0,0,0,0,0,0,0,0,0,0,0,0,0,0,0,0,0,1,0,0,0,0,1
4,13,16,2.2222222222222223,131.57118997834996,7.309510554352776,96.37763963368083,6,2,1,6,0,3,3,0,12,0,0,0,0,0,0,0,0,0,0,0,1,0,0,0,0,0,2,0,0,1,0,2,0,0,0,0,0,0,0,0,1,0,0,0,0,0
4,5,5,1.0,11.60964047443681,0.6449800263576005,99.21795432648115,9,2,0,3,1,15,0,1,11,0,0,0,0,0,0,0,0,0,0,0,1,0,0,0,0,0,2,0,0,1,0,2,0,0,0,1,0,0,0,1,1,0,0,0,0,0
2,0,0,0.0,0.0,0.0,100.0,10,0,0,1,4,3,0,1,6,1,0,1,0,0,0,0,0,0,0,0,1,0,0,0,1,0,0,0,0,0,0,0,0,0,0,0,0,0,0,0,2,0,0,0,0,1
2,2,2,0.5,1.0,0.05555555555555555,87.21527227173385,2,1,0,2,0,0,0,0,4,0,0,0,0,0,0,0,0,0,0,0,1,0,0,0,0,0,1,0,0,0,0,1,0,0,0,0,0,0,0,0,1,0,0,0,0,1
4,8,8,1.5,36.0,2.0,98.66866443848977,7,1,0,3,2,5,0,1,13,0,0,0,1,0,0,0,0,0,0,0,1,0,0,0,0,0,1,0,0,1,0,1,0,0,0,1,0,0,0,1,1,0,0,0,0,1
1,2,2,0.5,1.0,0.05555555555555555,100.0,12,1,0,3,3,8,0,3,11,0,0,0,0,0,0,0,0,0,0,0,2,0,0,0,1,0,1,0,0,1,0,1,0,0,0,1,0,0,0,0,4,0,0,0,0,0
1,0,0,0.0,0.0,0.0,100.0,2,0,0,1,0,0,0,0,3,0,0,0,0,0,0,0,0,0,0,0,1,0,0,0,0,0,0,0,0,0,0,0,0,0,0,0,0,0,0,0,1,0,0,0,0,1
4,11,13,3.3333333333333335,149.9087034742829,8.328261304126828,90.30515673437382,9,1,1,2,2,13,2,2,8,0,0,0,0,0,0,0,0,0,0,0,1,0,0,0,0,0,1,0,0,2,0,1,1,0,0,1,0,0,0,2,1,0,0,0,0,0
4,11,12,2.0,83.02635884729514,4.612575491516397,92.34326957239708,12,1,1,4,2,10,1,2,13,0,0,0,0,0,0,0,0,0,0,0,1,0,0,0,0,0,1,0,0,2,0,1,0,0,0,1,0,0,0,1,2,0,0,1,0,1
4,16,18,2.727272727272727,196.36363636363635,10.909090909090908,85.33310250429952,13,2,3,6,1,6,2,2,14,0,0,0,1,0,0,0,0,0,0,0,2,0,0,0,0,0,2,1,0,2,0,2,0,0,0,0,0,0,0,0,2,0,0,0,0,0
1,3,3,0.5,2.3774437510817346,0.1320802083934297,98.57760958418179,6,0,0,2,1,2,1,0,10,0,0,0,0,0,0,0,0,0,0,0,1,0,0,0,0,0,0,0,0,0,1,0,1,0,0,0,0,0,0,0,1,0,0,0,0,0
3,8,18,3.6,194.4,10.8,89.26528333899893,17,1,1,7,2,10,5,2,11,0,0,0,0,0,0,0,0,0,0,0,1,0,0,0,0,0,1,0,0,1,0,1,0,0,0,0,0,0,0,0,1,0,0,0,0,0
4,15,21,2.5454545454545454,208.84106092889172,11.602281162716206,89.88812884551135,9,1,2,5,0,9,4,2,9,0,0,0,1,0,0,0,0,0,0,0,1,0,0,0,0,0,1,0,0,1,0,1,0,0,0,0,0,0,0,0,1,0,0,0,0,1
1,3,3,0.5,2.3774437510817346,0.1320802083934297,84.71624627594792,2,0,0,2,0,0,2,0,4,0,0,0,0,0,0,0,0,0,0,0,1,0,0,0,0,0,0,0,0,0,0,0,0,0,0,0,0,0,0,0,1,0,0,0,0,1
3,3,3,0.5,2.3774437510817346,0.1320802083934297,100.0,5,1,0,4,5,1,0,0,7,0,0,0,0,0,0,0,0,0,0,0,1,0,0,0,0,0,1,0,0,1,0,1,0,0,0,0,0,0,0,0,1,0,0,0,0,0
17,22,36,4.3125,692.3267587934404,38.462597710746685,80.94453045617941,20,9,6,7,0,4,0,2,14,7,0,1,0,0,0,0,0,0,0,0,1,0,0,0,0,0,9,0,0,7,0,9,0,0,0,2,0,0,0,0,8,0,0,0,0,1
1,0,0,0.0,0.0,0.0,100.0,8,0,0,4,1,10,0,0,12,0,0,0,0,0,0,0,0,0,0,0,1,0,0,0,0,0,0,1,0,0,1,0,0,0,0,0,0,0,0,0,1,0,0,1,0,0
4,11,24,4.571428571428571,379.5490690162063,21.08605938978924,85.00736111916261,17,1,0,4,6,6,6,2,12,0,0,0,0,0,0,0,0,0,0,0,1,0,1,0,0,0,0,0,0,1,0,2,0,0,0,2,0,0,0,0,1,0,1,0,0,1
1,0,0,0.0,0.0,0.0,100.0,4,0,0,2,2,4,0,0,8,0,0,0,0,0,0,0,0,0,0,0,1,0,0,0,0,0,0,0,0,0,0,0,0,0,0,0,0,0,0,0,1,0,0,0,0,0
3,7,9,1.0,25.26619429851844,1.403677461028802,100.0,4,1,0,2,0,7,0,0,5,0,0,0,0,0,0,0,0,0,0,0,1,0,0,0,0,0,1,0,0,1,0,1,0,0,0,0,0,0,0,0,1,0,0,0,0,1
3,13,17,3.4375,216.24444602887007,12.013580334937226,71.7546478489827,4,0,0,1,1,3,3,1,6,0,0,0,0,0,0,0,0,0,0,0,1,0,0,0,0,0,0,0,0,1,0,0,0,0,0,1,1,0,0,1,1,0,0,0,0,1
5,10,14,3.0,139.52097998526924,7.75116555473718,93.32611041104168,11,1,2,5,1,13,2,1,11,0,0,0,0,0,0,0,0,0,0,0,1,0,0,0,0,0,1,0,0,3,0,1,0,0,0,1,0,0,0,1,2,0,0,0,0,1
2,6,6,1.0,15.509775004326936,0.861654166907052,100.0,5,0,0,2,1,3,0,1,8,1,0,0,0,0,0,0,0,0,0,0,1,0,0,0,0,0,0,0,0,1,0,1,0,0,0,1,0,0,0,0,2,0,0,0,0,0
2,7,9,1.2,30.319433158222125,1.6844129532345624,88.65006894318529,8,0,0,2,2,4,2,1,9,0,0,0,0,0,0,0,0,0,0,0,1,0,0,0,0,0,0,0,0,1,1,0,1,0,0,0,0,0,0,1,1,0,0,1,0,1
4,0,0,0.0,0.0,0.0,100.0,10,1,0,3,0,12,0,2,11,0,0,0,0,0,0,0,0,0,0,0,1,0,1,0,0,0,1,0,0,1,0,1,0,0,0,0,0,0,0,0,1,0,0,0,0,0
1,0,0,0.0,0.0,0.0,100.0,5,0,0,2,2,7,0,0,5,0,0,0,0,0,0,0,0,0,0,0,1,0,0,0,0,0,0,0,0,0,0,0,0,0,0,0,0,0,0,0,1,0,0,0,0,0
5,15,17,2.0,132.83428025068963,7.379682236149424,91.5060727985737,12,1,4,5,1,17,1,2,11,0,0,0,0,0,0,0,0,0,0,0,1,0,0,0,0,0,1,0,0,2,0,1,0,0,0,0,1,0,0,1,1,0,0,0,0,1
3,3,3,0.5,2.3774437510817346,0.1320802083934297,99.19700985878329,8,1,0,3,0,12,1,2,7,0,0,0,0,0,0,0,0,0,0,0,1,0,0,0,0,0,1,0,0,1,0,1,0,0,0,0,0,0,0,0,1,0,0,0,0,0
2,5,5,1.0,11.60964047443681,0.6449800263576005,77.02781257964013,4,0,0,1,1,0,1,1,8,0,0,0,0,0,0,0,0,0,0,0,1,0,0,0,0,0,0,0,0,1,0,0,0,0,0,1,0,0,0,1,1,0,0,0,0,1
2,21,33,4.4,637.7644897874761,35.431360543748674,75.25406259380686,21,0,2,7,2,9,12,1,11,0,1,0,0,0,0,0,0,0,0,0,2,0,0,0,0,0,0,0,0,3,0,0,0,0,0,0,0,0,0,0,4,0,0,0,0,0
3,3,3,0.5,2.3774437510817346,0.1320802083934297,93.59482345340422,8,1,0,4,3,13,0,0,6,0,0,0,0,0,0,0,0,0,0,0,1,0,0,0,0,0,1,0,0,1,0,2,0,0,0,1,0,0,0,0,1,0,0,0,0,1
2,14,18,2.4,164.4777326328885,9.13765181293825,85.61570427268998,8,1,0,4,1,7,8,1,8,0,0,0,0,0,0,0,0,0,0,0,1,0,0,0,0,0,1,1,0,0,0,1,0,0,0,0,0,0,0,0,1,0,0,0,0,1
3,15,21,2.5454545454545454,208.84106092889172,11.602281162716206,87.05243924307673,12,0,0,3,3,8,4,1,11,0,0,0,0,0,0,0,0,0,0,0,1,0,0,0,0,0,0,0,0,2,1,0,0,0,0,0,0,0,0,2,1,0,0,0,0,1
1,10,12,1.7142857142857142,68.33680652339717,3.796489251299843,96.35382390803682,8,1,2,6,0,7,2,1,11,0,0,0,0,0,0,0,0,0,0,0,2,0,0,0,0,0,1,0,0,1,0,1,0,0,0,0,0,0,0,0,2,0,0,0,0,0
4,9,9,1.5,42.793987519471216,2.377443751081734,93.10036573138396,9,1,1,4,2,2,2,3,11,0,0,0,0,0,0,0,0,0,0,0,1,0,0,0,0,0,1,0,0,2,0,1,0,0,0,0,0,0,0,0,1,0,0,0,0,1
4,23,36,3.3333333333333335,542.8274347268416,30.157079707046755,88.75237242803615,12,2,1,4,0,18,13,2,6,0,0,0,0,0,0,0,0,0,0,0,1,0,0,0,0,0,2,0,0,1,0,2,0,0,0,0,0,0,0,0,1,0,0,0,0,0
2,7,9,2.25,56.848937171666485,3.158274287314805,99.8207605950055,4,0,0,1,1,3,2,1,5,0,0,0,0,0,0,0,0,0,0,0,1,0,0,0,0,0,0,0,0,1,0,0,0,0,0,0,0,0,0,1,1,0,0,0,0,0
3,6,6,1.0,15.509775004326936,0.861654166907052,96.85979098213839,11,1,0,6,1,14,1,2,10,0,0,0,0,0,0,0,0,0,0,0,1,0,0,0,0,0,1,0,0,1,0,2,0,0,0,0,0,0,0,0,1,0,0,0,0,1
4,13,16,3.4375,203.52418449776007,11.306899138764448,94.56521274857005,6,0,0,4,1,13,0,1,10,0,0,0,0,0,0,0,0,0,0,0,1,0,0,0,0,0,0,0,0,1,0,0,0,0,0,0,3,0,0,1,1,0,0,0,0,1
1,3,3,0.5,2.3774437510817346,0.1320802083934297,100.0,7,0,0,3,1,2,1,0,6,0,0,0,0,0,0,0,0,0,0,0,1,0,0,0,0,0,0,0,0,0,0,0,1,0,0,0,0,0,0,0,1,0,0,0,0,1
1,0,0,0.0,0.0,0.0,100.0,5,0,0,1,4,0,0,0,6,0,0,0,0,0,0,0,0,0,0,0,1,0,0,0,0,0,0,0,0,0,0,0,2,0,0,0,0,0,0,0,1,0,0,0,0,1
4,5,5,1.0,11.60964047443681,0.6449800263576005,96.20729254155368,13,1,1,3,2,11,0,2,7,1,0,2,0,0,0,0,0,0,0,0,1,0,0,0,0,0,1,0,0,2,0,1,0,0,0,1,0,0,0,0,3,0,0,0,0,1
3,11,12,2.2857142857142856,94.88726725405158,5.27151484744731,92.41420312457842,12,1,1,7,1,16,2,2,12,0,0,0,0,0,0,0,0,0,0,0,1,0,0,0,0,0,1,0,0,1,0,1,0,0,0,0,0,0,0,0,1,0,0,0,0,0
2,7,9,2.25,56.848937171666485,3.158274287314805,71.4754535562128,6,1,0,2,0,3,2,1,5,0,0,0,0,0,0,0,0,0,0,0,1,0,0,0,0,0,0,0,0,0,0,0,0,0,0,0,0,0,0,0,1,0,1,0,0,1
3,6,6,1.0,15.509775004326936,0.861654166907052,97.66598711971477,5,1,1,3,4,2,1,0,7,0,0,0,0,0,0,0,0,0,0,0,1,0,0,0,0,0,1,0,0,1,0,1,0,0,0,0,0,0,0,0,1,0,0,0,0,1
1,0,0,0.0,0.0,0.0,100.0,2,0,0,3,0,0,0,0,5,0,0,0,0,0,0,0,0,0,0,0,1,0,0,0,0,0,0,0,0,0,0,0,0,0,0,0,0,0,0,0,1,0,0,0,0,1
3,6,6,1.0,15.509775004326936,0.861654166907052,96.73373855571135,8,1,0,4,1,7,1,2,14,1,0,1,0,0,0,0,0,0,0,0,1,0,0,0,0,0,1,0,0,1,0,2,0,0,0,0,0,0,0,0,2,0,0,0,0,0
5,11,15,2.5714285714285716,133.43521957601007,7.413067754222782,93.67829629196198,8,2,0,6,0,9,1,0,8,0,0,0,0,0,0,0,0,0,0,0,1,0,0,0,0,0,2,0,0,2,0,2,0,0,0,0,0,0,0,0,1,0,0,0,0,0
1,0,0,0.0,0.0,0.0,100.0,6,0,0,4,3,0,1,0,7,0,0,0,0,0,0,0,0,0,0,0,1,0,0,0,0,0,0,0,0,0,0,0,0,0,0,0,0,0,0,0,1,0,0,0,0,1
2,3,3,0.5,2.3774437510817346,0.1320802083934297,78.01508585192973,4,0,0,2,1,0,0,1,8,0,0,0,0,0,0,0,0,0,0,0,1,0,0,0,0,0,0,0,0,1,0,0,0,0,0,0,0,0,0,1,1,0,0,0,0,1
3,12,18,2.0,129.05865002596164,7.169925001442313,83.73840316473304,9,0,0,3,2,6,3,1,10,0,0,0,1,0,0,0,0,0,0,0,1,0,0,0,0,0,0,0,0,1,1,0,0,0,0,0,1,0,0,1,1,0,0,0,0,1
2,5,6,1.3333333333333333,18.575424759098897,1.0319680421721609,76.47338445371699,4,0,0,1,1,2,2,1,4,0,0,0,0,0,0,0,0,0,0,0,1,0,0,0,0,0,0,0,0,1,0,0,0,0,0,0,0,0,0,1,1,0,0,0,0,1
1,26,48,1.3333333333333333,300.8281419610299,16.712674553390553,87.91978683356102,6,0,0,2,0,19,8,0,5,0,0,0,0,0,0,0,0,0,0,0,1,0,0,0,0,0,0,0,0,0,0,0,0,0,0,0,0,0,0,0,1,0,0,0,0,0
3,6,6,1.0,15.509775004326936,0.861654166907052,84.06263826390897,11,1,0,3,0,2,1,2,7,0,0,0,0,0,0,0,0,0,0,0,2,0,0,0,0,0,1,0,0,1,1,2,0,0,0,0,0,0,0,0,2,0,0,0,0,0
3,5,9,0.75,15.673014640489694,0.8707230355827608,89.09287189014789,8,2,0,4,3,4,3,2,9,0,0,0,0,0,0,0,0,0,0,0,1,0,0,0,0,0,2,0,0,0,0,2,0,0,0,0,0,0,0,0,1,0,0,0,0,1
4,17,27,3.75,413.85561267659693,22.99197848203316,90.46788970931254,9,2,0,5,0,12,10,3,8,0,0,0,0,0,0,0,0,0,0,0,1,0,0,0,0,0,2,0,0,1,0,2,0,0,0,0,0,0,0,0,1,0,0,0,0,0
3,6,7,1.0,18.094737505048094,1.0052631947248942,90.17383721916013,15,0,0,4,5,8,0,1,11,0,0,0,0,0,0,0,0,0,0,0,1,0,0,0,0,0,0,0,0,1,0,0,0,0,0,2,1,0,0,1,1,0,0,0,0,0
1,0,0,0.0,0.0,0.0,100.0,4,0,0,2,2,0,0,0,5,0,0,0,0,0,0,0,0,0,0,0,1,0,0,0,0,0,0,0,0,0,0,0,0,0,0,0,0,0,0,0,1,0,0,0,0,1
1,3,3,0.5,2.3774437510817346,0.1320802083934297,100.0,8,0,0,3,0,4,2,0,10,0,0,0,0,0,0,0,0,0,0,0,1,0,0,0,0,0,0,0,0,0,1,0,0,0,0,0,0,0,0,0,1,0,0,0,0,0
5,20,40,4.166666666666667,720.3213491478938,40.01785273043854,86.58352253688824,15,3,0,5,1,15,5,1,10,0,0,0,0,0,0,0,0,0,0,0,1,0,0,0,0,0,3,0,0,1,0,3,0,0,0,1,0,0,0,0,2,0,0,0,0,0
4,13,21,3.111111111111111,241.762061585218,13.431225643623222,83.81374954420998,12,1,0,5,2,5,5,2,11,0,0,0,0,0,0,0,0,0,0,0,1,0,0,0,0,0,0,0,0,2,0,0,1,0,0,0,0,0,0,1,1,0,1,0,0,1
8,18,54,5.142857142857143,1158.0477432576936,64.33598573653853,81.12618100015013,20,5,2,7,2,19,16,3,11,0,0,0,0,0,0,0,0,0,0,0,1,0,0,0,0,0,5,0,0,2,0,5,0,0,0,0,0,0,0,0,1,0,0,0,0,1
4,11,11,2.0,76.10749561002055,4.228194200556697,94.8021559210604,5,1,0,3,1,3,1,1,9,0,0,0,0,0,0,0,0,0,0,0,1,0,0,0,0,0,1,0,0,1,0,1,0,0,0,1,1,0,0,1,1,0,0,0,0,0
1,3,3,0.5,2.3774437510817346,0.1320802083934297,100.0,5,0,0,2,0,10,0,0,6,0,0,0,0,0,0,0,0,0,0,0,1,0,0,0,0,0,0,0,0,0,0,0,0,0,0,0,0,0,0,0,1,0,0,0,0,0
2,2,2,0.5,1.0,0.05555555555555555,82.37587162552974,4,0,0,2,1,0,0,1,9,0,0,0,0,0,0,0,0,0,0,0,1,0,0,0,0,0,0,0,0,1,0,0,0,0,0,1,0,0,0,1,1,0,0,0,0,1
2,5,6,0.5,6.965784284662087,0.3869880158145604,100.0,3,1,0,3,0,4,2,0,5,0,0,0,0,0,0,0,0,0,0,0,1,0,0,0,0,0,1,0,0,0,0,1,0,0,0,0,0,0,0,0,1,0,0,0,0,0
1,3,3,0.5,2.3774437510817346,0.1320802083934297,100.0,10,0,0,4,1,2,1,0,13,0,0,0,0,0,0,0,0,0,0,0,1,0,0,0,0,0,0,0,0,0,2,0,0,0,0,0,0,0,0,0,1,0,0,0,0,1
3,0,0,0.0,0.0,0.0,100.0,4,1,0,3,2,5,0,0,10,0,0,0,0,0,0,0,0,0,0,0,1,0,0,0,0,0,1,0,0,1,0,1,0,0,0,0,0,0,0,0,1,0,0,0,0,1
2,0,0,0.0,0.0,0.0,100.0,7,1,0,4,0,4,0,0,10,0,0,0,0,0,0,0,0,0,0,0,1,0,0,0,0,0,1,0,0,0,1,1,0,0,0,0,0,0,0,0,1,0,0,0,0,0
5,12,21,3.5,263.494743803005,14.638596877944723,90.3812556516168,13,2,0,4,0,12,8,3,10,2,0,0,0,0,0,0,0,0,0,0,1,0,0,0,0,0,2,0,0,2,0,2,0,0,0,0,0,0,0,0,2,0,0,0,0,0
1,0,0,0.0,0.0,0.0,100.0,3,0,0,2,0,2,0,0,4,0,0,0,0,0,0,0,0,0,0,0,1,0,0,0,0,0,0,0,0,0,0,0,0,0,0,0,0,0,0,0,1,0,0,0,0,1
3,3,3,0.5,2.3774437510817346,0.1320802083934297,99.19700985878329,8,1,1,5,1,6,0,1,13,0,0,0,0,0,0,0,0,0,0,0,1,0,0,0,0,0,1,0,0,1,0,1,0,0,0,0,0,0,0,1,1,0,0,0,0,0
4,17,24,3.3333333333333335,326.99702730002724,18.16650151666818,74.47945912692936,19,2,2,5,1,10,4,3,11,2,0,1,0,0,0,0,0,0,0,0,2,0,0,0,0,0,1,0,0,4,0,1,0,0,0,0,0,0,0,0,4,0,1,0,0,0
4,9,9,1.5,42.793987519471216,2.377443751081734,86.86089355133576,12,1,2,4,2,7,1,2,14,0,0,0,0,0,0,0,0,0,0,0,1,0,0,0,0,0,1,0,0,2,0,1,0,0,0,0,0,0,0,2,1,0,0,0,0,1
2,3,3,0.5,2.3774437510817346,0.1320802083934297,98.33336052915942,8,0,0,4,1,10,0,1,9,0,0,0,0,0,0,0,0,0,0,0,1,0,0,0,0,0,0,0,0,1,0,0,0,0,0,0,0,0,0,1,1,0,0,0,0,1
3,12,18,3.0,193.58797503894246,10.75488750216347,79.09055138089128,12,0,0,2,2,8,4,1,6,0,0,0,0,0,0,0,0,0,0,0,1,0,0,0,0,0,0,0,0,2,0,0,1,0,0,0,0,0,0,1,1,0,0,0,0,0
3,5,6,1.3333333333333333,18.575424759098897,1.0319680421721609,74.61162467590292,4,1,0,3,1,3,1,1,8,0,0,0,0,0,0,0,0,0,0,0,1,0,0,0,0,0,1,0,0,1,0,1,0,0,0,0,0,0,0,1,1,0,0,0,0,0
2,8,9,1.8,48.6,2.7,90.63815452764233,7,0,0,2,2,4,3,1,7,0,0,0,0,0,0,0,0,0,0,0,1,0,0,0,0,0,0,0,0,1,0,0,1,0,0,0,0,0,0,1,1,0,0,1,0,1
2,8,9,1.8,48.6,2.7,98.06627733643502,8,1,0,4,1,6,4,1,9,0,0,0,0,0,0,0,0,0,0,0,1,0,0,0,0,0,1,0,0,0,0,1,0,0,0,0,0,0,0,0,1,0,0,0,0,1
3,14,20,3.611111111111111,274.97563325971583,15.276424069984213,71.17382312656135,4,0,0,1,1,4,4,1,6,0,0,0,0,0,0,0,0,0,0,0,1,0,0,0,0,0,0,0,0,1,0,0,0,0,0,1,1,0,0,1,1,0,0,0,0,0
3,8,8,1.5,36.0,2.0,99.4717377659546,7,0,1,1,4,2,0,1,11,0,0,0,0,0,0,0,0,0,0,0,1,0,0,0,0,0,0,0,0,1,0,0,0,0,0,1,1,0,0,1,1,0,0,0,0,1
4,13,18,2.6666666666666665,177.62110647077242,9.867839248376246,93.16567133463668,8,1,2,5,0,15,3,2,9,0,0,0,1,0,0,0,0,0,0,0,1,0,0,0,0,0,1,0,0,1,0,1,0,0,0,0,0,0,0,0,1,0,0,0,0,1
2,10,12,1.7142857142857142,68.33680652339717,3.796489251299843,96.88148272942384,8,1,0,4,1,7,5,1,10,0,0,0,0,0,0,0,0,0,0,0,1,0,0,0,0,0,1,0,0,0,0,1,0,0,0,0,0,0,0,0,1,0,0,0,0,1
4,7,7,1.5,29.47722668160484,1.6376237045336022,89.46638005790825,11,1,0,3,2,11,0,2,9,0,0,0,0,0,0,0,0,0,0,0,1,0,0,0,0,0,1,0,0,2,0,2,0,0,0,1,0,0,0,2,1,0,0,0,0,1
3,6,6,1.0,15.509775004326936,0.861654166907052,95.60171941704368,8,1,1,5,1,6,1,1,12,0,0,0,0,0,0,0,0,0,0,0,1,0,0,0,0,0,1,0,0,1,0,1,0,0,0,0,0,0,0,1,1,0,0,0,0,1
3,11,12,1.5,62.26976913547136,3.4594316186372978,93.86586670725825,11,2,1,5,1,5,3,2,13,0,0,0,0,0,0,0,0,0,0,0,1,0,0,0,0,0,2,0,0,1,1,1,0,0,0,0,0,0,0,0,1,0,0,0,0,1
3,13,18,2.6666666666666665,177.62110647077242,9.867839248376246,83.64199443070352,9,0,0,3,2,6,4,1,10,0,0,0,1,0,0,0,0,0,0,0,1,0,0,0,0,0,0,0,0,1,1,0,0,0,0,0,1,0,0,1,1,0,0,0,0,1
3,3,3,0.5,2.3774437510817346,0.1320802083934297,97.75715779870703,11,1,0,6,5,6,0,0,14,0,0,0,0,0,0,0,0,0,0,0,1,0,0,0,0,0,1,0,0,1,0,1,0,0,0,0,0,0,0,0,1,0,0,0,0,1
3,4,4,1.0,8.0,0.4444444444444444,92.80284070326849,13,0,0,2,1,13,0,1,11,0,0,0,0,0,0,0,0,0,0,0,1,0,0,0,1,0,0,0,0,1,0,0,0,0,0,1,0,0,0,1,2,0,0,0,0,0
3,20,26,5.666666666666667,636.7640726467382,35.375781813707675,94.77731056781147,7,0,0,1,1,9,6,1,7,0,0,0,0,0,0,0,0,0,0,0,1,0,0,0,0,0,0,0,0,1,0,0,0,0,0,1,1,0,0,1,1,0,0,0,0,0
2,2,2,0.5,1.0,0.05555555555555555,97.15297560258044,13,0,0,4,0,8,0,1,8,0,0,0,0,0,0,0,0,0,0,0,1,0,0,0,1,0,0,0,0,0,0,0,0,0,0,0,0,0,0,0,2,0,0,0,0,1
1,3,3,0.5,2.3774437510817346,0.1320802083934297,100.0,4,0,1,1,0,10,0,0,5,0,0,0,0,0,0,0,0,0,0,0,1,0,0,0,0,0,0,0,0,0,0,0,0,0,0,0,0,0,0,0,1,0,0,0,0,1
3,6,6,1.0,15.509775004326936,0.861654166907052,76.012549340051,4,1,1,4,1,0,1,1,9,0,0,0,0,0,0,0,0,0,0,0,1,0,0,0,0,0,1,0,0,1,0,1,0,0,0,0,0,0,0,1,1,0,0,0,0,1
5,9,9,1.5,42.793987519471216,2.377443751081734,90.2565858914626,16,2,0,5,0,6,1,2,10,1,0,1,0,0,0,0,0,0,0,0,1,0,0,0,0,0,2,0,0,2,0,3,0,0,0,0,0,0,0,0,2,0,0,0,0,1
2,3,3,0.5,2.3774437510817346,0.1320802083934297,84.58174335197131,2,1,1,3,0,0,0,0,5,0,0,0,0,0,0,0,0,0,0,0,1,0,0,0,0,0,1,0,0,0,0,1,0,0,0,0,0,0,0,0,1,0,0,0,0,1
1,0,0,0.0,0.0,0.0,100.0,9,0,0,2,6,2,0,0,9,0,0,0,0,0,0,0,0,0,0,0,1,0,0,0,0,0,0,0,0,0,1,0,0,0,0,0,0,0,0,0,1,0,0,0,0,1
3,12,15,2.5,134.43609377704337,7.468671876502409,92.20526105440733,12,1,0,7,1,5,4,2,14,0,0,0,0,0,0,0,0,0,0,0,1,0,0,0,0,0,1,0,0,1,0,1,0,0,0,0,0,0,0,0,1,0,0,0,0,0
3,19,26,3.923076923076923,433.2886063712457,24.071589242846983,89.63218848419525,8,0,0,3,2,6,7,1,11,0,0,0,0,0,0,0,0,0,0,0,1,0,0,0,0,0,0,0,0,1,0,0,0,0,0,1,1,0,0,1,1,0,0,0,0,0
2,2,2,0.5,1.0,0.05555555555555555,100.0,7,0,0,2,1,10,0,1,9,0,0,0,0,0,0,0,0,0,0,0,1,0,0,0,0,0,0,0,0,1,0,0,1,0,0,1,0,0,0,1,1,0,0,0,0,0
8,19,45,5.357142857142857,1024.0539541337214,56.8918863407623,83.89640476432758,15,4,3,6,0,19,12,2,9,0,0,0,0,0,0,0,0,0,0,0,1,0,0,0,0,0,4,0,0,3,0,4,0,0,0,0,0,0,0,0,4,0,0,0,0,0
2,5,6,1.3333333333333333,18.575424759098897,1.0319680421721609,76.47338445371699,4,0,1,2,1,1,2,1,6,0,0,0,0,0,0,0,0,0,0,0,1,0,0,0,0,0,0,0,0,1,0,0,0,0,0,0,0,0,0,1,1,0,0,0,0,1
4,15,36,4.363636363636363,613.7369953828654,34.09649974349252,87.8423534118997,14,0,0,3,1,12,3,1,9,0,0,0,0,0,0,0,0,0,0,0,1,0,2,0,0,0,0,0,0,1,1,0,3,0,0,0,0,0,0,1,1,0,0,0,0,1
3,2,2,0.5,1.0,0.05555555555555555,97.85734263544371,14,0,0,3,5,6,0,1,12,0,1,0,0,1,0,0,0,0,0,0,1,0,0,0,2,0,0,0,0,1,0,0,0,0,0,1,0,0,0,1,2,0,0,0,0,0
3,9,12,2.0,76.0782000346155,4.226566668589751,70.09676010342874,6,1,1,3,0,4,3,2,5,0,0,0,0,0,0,0,0,0,0,0,1,0,0,0,0,0,1,0,0,1,0,1,0,0,0,0,0,0,0,0,1,0,0,0,0,0
2,26,36,3.6,609.1769874710856,33.843165970615864,61.20116738398591,28,1,0,12,1,12,8,2,20,0,0,0,1,0,0,0,0,0,0,0,3,0,0,0,0,0,0,0,0,2,0,0,0,0,0,0,0,0,0,0,4,0,1,0,0,1
3,0,0,0.0,0.0,0.0,100.0,8,1,0,3,0,0,0,2,8,0,0,0,0,0,0,0,0,0,0,0,1,0,0,0,0,0,1,0,0,1,0,1,0,0,0,0,0,0,0,0,1,0,0,0,0,1
5,3,4,0.5,3.1699250014423126,0.17610694452457293,98.43760266247803,12,2,0,5,3,9,0,2,17,0,0,0,0,0,0,0,0,0,0,0,1,0,0,0,0,0,2,0,0,2,0,2,1,0,0,2,0,0,0,2,1,0,0,0,0,0
5,12,27,3.0,290.3819625584137,16.132331253245205,89.65869051484687,12,4,0,6,1,16,10,2,12,0,0,0,0,1,0,0,0,0,0,0,1,0,0,0,0,0,4,0,0,0,1,4,1,0,0,0,0,0,0,0,1,0,0,0,0,0
4,5,5,1.0,11.60964047443681,0.6449800263576005,87.08432598579843,26,1,0,4,11,8,2,4,21,0,0,0,0,0,0,0,0,0,0,0,1,0,0,0,0,0,1,0,0,2,0,1,0,0,0,1,0,0,0,0,2,0,0,0,0,0
2,11,11,2.0,76.10749561002055,4.228194200556697,90.94104082228013,11,0,0,5,1,10,2,1,10,0,0,0,0,0,0,0,0,0,0,0,1,0,0,0,0,0,0,0,0,1,0,1,0,0,0,0,0,0,0,0,2,0,0,0,0,0
3,0,0,0.0,0.0,0.0,100.0,5,1,0,3,7,1,0,0,8,0,0,0,0,0,0,0,0,0,0,0,1,0,0,0,0,0,1,0,0,1,0,1,0,0,0,0,0,0,0,0,1,0,0,0,0,0
9,33,63,7.875,2502.6500324667127,139.03611291481738,82.70470359287533,17,2,0,6,0,28,12,3,12,0,0,0,0,0,0,0,0,0,0,0,1,0,0,0,0,0,2,0,0,3,0,2,0,0,0,0,3,0,0,0,3,0,0,0,0,0
4,10,11,2.3333333333333335,85.26282110210897,4.736823394561609,92.86122533880675,8,0,0,3,2,7,0,1,11,0,0,0,0,0,0,0,0,0,0,0,1,0,0,0,0,0,0,0,0,2,0,0,0,0,0,1,1,0,0,2,1,0,0,0,0,0
11,16,20,2.0,160.0,8.88888888888889,85.99239301563017,14,5,0,7,3,10,1,1,19,0,0,0,0,0,0,0,0,0,0,0,1,0,0,0,0,0,5,0,0,3,0,5,0,0,0,4,2,0,0,3,1,0,0,0,0,1
1,0,0,0.0,0.0,0.0,100.0,2,0,0,2,0,0,0,0,4,0,0,0,0,0,0,0,0,0,0,0,1,0,0,0,0,0,0,0,0,0,0,0,0,0,0,0,0,0,0,0,1,0,0,0,0,1
1,0,0,0.0,0.0,0.0,100.0,10,1,0,4,2,0,0,0,7,0,0,0,0,0,0,0,0,0,0,0,2,0,0,0,0,0,1,0,0,0,0,1,0,0,0,0,0,0,0,0,2,0,0,0,0,0
1,7,8,1.875,42.11032383086406,2.3394624350480036,100.0,4,0,0,1,0,3,1,0,4,0,0,0,0,0,0,0,0,0,0,0,1,0,0,0,0,0,0,0,0,0,0,0,0,0,0,0,0,0,0,0,1,0,0,0,0,0
3,18,24,3.076923076923077,307.9329231834323,17.107384621301794,80.69062790933926,10,0,0,3,2,8,5,1,10,0,0,0,1,0,0,0,0,0,0,0,1,0,0,0,0,0,0,0,0,1,1,0,1,0,0,0,1,0,0,1,1,0,0,0,0,1
2,8,9,1.8,48.6,2.7,99.6189350400099,4,0,0,1,1,3,3,1,7,0,0,0,0,0,0,0,0,0,0,0,1,0,0,0,0,0,0,0,0,1,0,0,0,0,0,0,0,0,0,1,1,0,0,0,0,1
5,9,12,2.0,76.0782000346155,4.226566668589751,63.96317228110075,12,1,2,4,1,8,1,2,7,0,0,0,0,0,0,0,0,0,0,0,1,0,2,0,0,0,1,0,0,1,0,1,0,0,0,0,0,0,0,1,3,0,0,0,0,0
2,0,0,0.0,0.0,0.0,100.0,8,6,0,7,5,6,0,0,10,0,0,0,0,0,0,0,0,0,0,0,1,0,0,0,0,0,1,0,0,0,0,1,0,0,0,0,0,0,0,0,1,0,0,0,0,0
5,12,12,2.0,86.03910001730776,4.779950000961542,88.12252968421436,20,2,1,11,11,8,2,3,28,0,0,0,0,0,0,0,0,0,0,0,1,0,0,0,0,0,2,0,0,2,0,3,0,0,0,1,0,0,0,1,1,0,0,0,0,0
3,12,21,3.5,263.494743803005,14.638596877944723,93.66762681694712,9,0,0,3,0,7,1,1,7,0,0,0,0,0,0,0,0,0,0,0,1,0,0,0,0,0,0,0,0,2,0,1,0,0,0,0,0,0,0,0,3,0,0,0,0,0
5,5,5,1.0,11.60964047443681,0.6449800263576005,96.21347388470299,8,2,1,4,1,10,0,1,10,0,0,0,0,0,0,0,0,0,0,0,1,0,0,0,0,0,2,0,0,2,0,2,1,0,0,1,0,0,0,1,1,0,0,0,0,0
1,3,3,0.5,2.3774437510817346,0.1320802083934297,100.0,4,0,1,1,0,6,0,0,5,0,0,0,0,0,0,0,0,0,0,0,1,0,0,0,0,0,0,0,0,0,0,0,0,0,0,0,0,0,0,0,1,0,0,0,0,1
5,8,9,1.8,48.6,2.7,65.76383659076718,11,2,1,3,0,3,1,2,5,0,1,0,0,0,0,0,0,0,0,0,1,0,0,0,0,0,2,0,0,2,0,3,0,0,0,0,0,0,0,0,2,0,0,0,0,1
2,7,8,1.0,22.458839376460833,1.2477132986922685,99.33369699439777,7,0,2,1,3,3,0,1,4,1,0,0,0,0,0,0,0,0,0,0,1,0,0,0,0,0,0,0,0,1,0,0,0,0,0,0,0,0,0,0,2,0,0,0,0,0
3,6,8,0.5,10.339850002884624,0.5744361112713681,94.74748137676052,11,0,3,4,0,17,0,1,7,0,0,0,0,0,0,0,0,0,0,0,1,0,1,0,0,0,0,0,0,1,0,0,0,0,0,0,0,0,0,0,3,0,0,0,0,1
3,0,0,0.0,0.0,0.0,100.0,4,2,0,3,0,4,0,0,8,0,0,0,0,0,0,0,0,0,0,0,1,0,0,0,0,0,2,0,0,0,0,2,0,0,0,0,0,0,0,0,1,0,0,0,0,0
6,6,7,1.0,18.094737505048094,1.0052631947248942,95.52470246394235,11,3,0,5,3,12,0,2,17,0,0,0,0,0,0,0,0,0,0,0,1,0,0,0,0,0,3,0,0,2,0,3,0,0,0,2,0,0,0,2,1,0,0,0,0,0
1,0,0,0.0,0.0,0.0,100.0,5,0,0,2,0,12,0,0,6,0,0,0,0,0,0,0,0,0,0,0,1,0,0,0,0,0,0,0,0,0,0,0,0,0,0,0,0,0,0,0,1,0,0,0,0,0
5,9,9,1.5,42.793987519471216,2.377443751081734,92.60224451009336,14,1,1,5,1,10,1,2,14,0,0,0,1,0,0,0,0,0,0,0,1,0,0,0,0,0,1,0,0,2,0,1,0,0,0,0,0,0,0,1,1,0,0,0,0,1
1,0,0,0.0,0.0,0.0,100.0,2,0,0,2,0,0,0,0,4,0,0,0,0,0,0,0,0,0,0,0,1,0,0,0,0,0,0,0,0,0,0,0,0,0,0,0,0,0,0,0,1,0,0,0,0,1
1,3,3,0.5,2.3774437510817346,0.1320802083934297,100.0,5,0,0,3,0,7,0,0,5,0,0,0,0,0,0,0,0,0,0,0,1,0,0,0,0,0,0,0,0,0,0,1,0,0,0,0,0,0,0,0,1,0,0,0,0,1
1,6,6,1.0,15.509775004326936,0.861654166907052,81.12095583420833,2,0,1,1,0,2,1,0,3,0,0,0,0,0,0,0,0,0,0,0,1,0,0,0,0,0,0,0,0,0,0,0,0,0,0,0,0,0,0,0,1,0,0,0,0,1
6,21,38,6.25,1043.1753879099556,57.95418821721975,84.5542653246541,17,3,1,5,1,13,7,1,13,0,0,0,1,0,0,0,0,0,0,0,1,0,0,0,0,0,1,0,0,1,0,1,0,0,0,0,0,0,0,0,2,0,2,0,0,0
3,0,0,0.0,0.0,0.0,100.0,9,2,0,7,0,7,0,0,11,0,0,0,0,0,0,0,0,0,0,0,1,0,0,0,0,0,2,0,0,0,1,2,0,0,0,0,0,0,0,0,1,0,0,0,0,0
4,14,15,2.0,114.22064766172811,6.345591536762672,91.93876749489628,12,2,1,6,2,14,3,2,16,0,0,0,0,0,0,0,0,0,0,0,1,0,0,0,0,0,2,0,0,1,0,2,0,0,0,0,0,0,0,1,1,0,0,0,0,0
3,2,2,0.5,1.0,0.05555555555555555,99.33731469823097,14,0,0,2,5,10,0,1,11,0,1,0,0,1,0,0,0,0,0,0,1,0,0,0,2,0,0,0,0,1,0,0,0,0,0,1,0,0,0,1,2,0,0,0,0,0
2,3,3,0.5,2.3774437510817346,0.1320802083934297,100.0,5,1,0,3,4,2,1,0,10,0,0,0,0,0,0,0,0,0,0,0,1,0,0,0,0,0,1,0,0,0,0,1,0,0,0,0,0,0,0,0,1,0,0,0,0,0
3,6,6,1.0,15.509775004326936,0.861654166907052,100.0,4,1,1,2,0,8,1,0,4,0,0,0,0,0,0,0,0,0,0,0,1,0,0,0,0,0,1,0,0,1,0,1,0,0,0,0,0,0,0,0,1,0,0,0,0,1
4,9,12,3.2,121.72512005538482,6.762506669743601,96.0927447693063,8,1,0,4,1,13,0,1,9,0,0,0,0,0,0,0,0,0,0,0,1,0,0,0,0,0,1,0,0,1,0,1,1,0,0,0,1,0,0,1,1,0,0,0,0,0
2,3,3,0.5,2.3774437510817346,0.1320802083934297,100.0,7,1,0,4,0,15,0,0,7,0,0,0,0,0,0,0,0,0,0,0,1,0,0,0,0,0,1,0,0,0,0,2,0,0,0,0,0,0,0,0,1,0,0,0,0,1
3,16,29,2.8333333333333335,328.6666666666667,18.25925925925926,90.8157390792056,11,0,1,2,1,16,3,1,10,0,0,0,0,0,0,0,0,0,0,0,1,0,0,0,0,0,0,0,0,2,0,0,0,0,0,0,0,0,0,1,2,0,0,0,0,0
6,7,8,1.0,22.458839376460833,1.2477132986922685,94.66876788670083,12,2,2,4,1,24,0,1,9,0,0,0,0,0,0,0,0,0,0,0,1,0,0,0,0,0,2,0,0,3,0,2,0,0,0,1,0,0,0,1,2,0,0,0,0,0
2,2,2,0.5,1.0,0.05555555555555555,99.16870228440285,13,0,0,4,10,1,0,1,13,0,0,0,0,1,0,0,0,0,0,0,1,0,0,0,1,0,0,0,0,1,0,0,1,0,0,1,0,0,0,1,1,0,0,0,0,0
2,3,3,0.5,2.3774437510817346,0.1320802083934297,100.0,9,1,0,5,2,5,1,0,10,0,0,0,0,0,0,0,0,0,0,0,1,0,0,0,0,0,1,0,0,0,0,1,0,0,0,0,0,0,0,0,1,0,0,0,0,1
4,11,12,2.2857142857142856,94.88726725405158,5.27151484744731,93.53084285087768,9,2,0,6,2,6,4,1,14,0,0,0,0,0,0,0,0,0,0,0,1,0,0,0,0,0,2,0,0,1,0,2,0,0,0,0,0,0,0,1,1,0,0,0,0,1
1,0,0,0.0,0.0,0.0,100.0,5,0,0,2,1,5,0,0,7,0,0,0,0,0,0,0,0,0,0,0,1,0,0,0,0,0,0,0,0,0,0,0,0,0,0,0,0,0,0,0,1,0,0,0,0,0
4,15,17,3.6666666666666665,243.52951379293097,13.52941743294061,93.60521870796977,9,1,0,5,2,5,4,1,17,0,0,0,0,0,0,0,0,0,0,0,1,0,0,0,0,0,1,0,0,1,0,1,0,0,0,1,1,0,0,1,1,0,0,0,0,1
2,2,2,0.5,1.0,0.05555555555555555,100.0,4,1,0,3,3,1,0,0,5,0,0,0,0,0,0,0,0,0,0,0,1,0,0,0,0,0,1,0,0,0,0,1,0,0,0,0,0,0,0,0,1,0,0,0,0,1
3,3,3,0.5,2.3774437510817346,0.1320802083934297,100.0,5,1,0,3,0,17,0,0,7,0,0,0,0,0,0,0,0,0,0,0,1,0,0,0,0,0,1,0,0,1,0,2,0,0,0,0,0,0,0,0,1,0,0,0,0,1
3,6,6,1.0,15.509775004326936,0.861654166907052,100.0,5,1,1,3,0,12,1,0,5,0,0,0,0,0,0,0,0,0,0,0,1,0,0,0,0,0,1,0,0,1,0,1,0,0,0,0,0,0,0,0,1,0,0,0,0,0
2,0,0,0.0,0.0,0.0,100.0,13,2,0,3,6,3,0,1,15,0,1,0,0,1,0,0,0,0,0,0,1,0,0,0,1,0,0,1,0,0,1,0,0,0,0,0,0,0,0,0,2,0,0,0,0,1
5,14,27,5.0,513.9929144777765,28.555161915432027,87.05404923460418,16,3,0,6,2,8,7,3,10,0,0,0,1,0,0,0,0,0,0,0,1,0,0,0,0,0,1,0,0,0,0,1,0,0,0,0,0,0,0,0,1,0,2,0,0,1
3,3,3,0.5,2.3774437510817346,0.1320802083934297,92.64430871454988,18,4,1,6,3,6,0,1,13,0,0,0,0,0,0,0,0,0,0,0,1,0,0,0,0,0,4,0,0,1,0,3,0,0,0,0,0,0,0,1,1,0,0,0,0,0
2,12,12,2.0,86.03910001730776,4.779950000961542,97.16297769368707,7,0,1,5,1,3,3,1,10,0,0,0,0,0,0,0,0,0,0,0,1,0,0,0,0,0,0,0,0,1,1,0,1,0,0,0,0,0,0,1,1,0,0,0,0,0
1,2,2,0.5,1.0,0.05555555555555555,87.34977519571046,2,0,0,2,0,0,0,0,5,0,0,0,0,0,0,0,0,0,0,0,1,0,0,0,0,0,0,0,0,0,0,0,0,0,0,1,0,0,0,0,1,0,0,0,0,0
6,22,38,4.875,826.1097073525593,45.89498374180885,72.22626752646282,15,0,0,7,3,12,4,1,13,0,0,0,0,0,0,0,0,0,0,0,1,0,0,0,0,0,0,0,0,2,1,0,1,0,0,1,3,0,0,2,1,0,0,0,0,0
2,3,3,0.5,2.3774437510817346,0.1320802083934297,100.0,5,1,0,4,0,7,0,0,7,0,0,0,0,0,0,0,0,0,0,0,1,0,0,0,0,0,1,0,0,0,0,1,0,0,0,0,0,0,0,0,1,0,0,0,0,0
1,0,0,0.0,0.0,0.0,100.0,10,0,0,2,7,0,0,0,15,0,0,0,0,0,0,0,0,0,0,0,1,0,0,0,0,0,0,0,0,0,1,0,0,0,0,0,0,0,0,0,1,0,0,0,0,0
2,5,5,1.0,11.60964047443681,0.6449800263576005,77.02781257964013,4,0,0,1,1,1,1,1,7,0,0,0,0,0,0,0,0,0,0,0,1,0,0,0,0,0,0,0,0,1,0,0,0,0,0,1,0,0,0,1,1,0,0,0,0,1
3,7,9,1.0,25.26619429851844,1.403677461028802,100.0,5,1,0,4,0,7,0,0,6,0,0,0,0,0,0,0,0,0,0,0,1,0,0,0,0,0,1,0,0,1,0,1,0,0,0,0,0,0,0,0,1,0,0,0,0,1
3,6,6,1.0,15.509775004326936,0.861654166907052,97.66598711971477,5,1,1,3,4,2,1,0,7,0,0,0,0,0,0,0,0,0,0,0,1,0,0,0,0,0,1,0,0,1,0,1,0,0,0,0,0,0,0,0,1,0,0,1,0,0
4,15,18,3.0,210.97209216286,11.720671786825555,89.99327284942645,14,2,0,6,0,17,6,2,10,0,0,0,0,0,0,0,0,0,0,0,1,0,0,0,0,0,2,0,0,1,0,3,0,0,0,0,0,0,0,0,1,0,0,0,0,0
3,5,5,1.0,11.60964047443681,0.6449800263576005,100.0,6,1,0,5,2,1,1,1,15,0,0,0,0,0,0,0,0,0,0,0,1,0,0,0,0,0,1,0,0,1,0,1,0,0,0,1,0,0,0,1,1,0,0,0,0,0
3,3,3,0.5,2.3774437510817346,0.1320802083934297,95.54278249262812,18,1,0,9,9,0,0,2,22,0,1,0,0,0,0,0,0,0,0,0,1,0,0,0,0,0,1,1,0,2,2,4,1,0,0,0,0,0,0,0,2,0,0,0,0,0
2,8,9,1.8,48.6,2.7,88.4482433881897,8,0,0,2,2,4,3,1,7,0,0,0,0,0,0,0,0,0,0,0,1,0,0,0,0,0,0,0,0,1,0,0,1,0,0,0,0,0,0,1,1,0,0,1,0,1
4,11,12,2.0,83.02635884729514,4.612575491516397,84.9452837825453,9,1,0,6,2,9,1,1,12,0,0,0,0,0,0,0,0,0,0,0,1,0,0,0,0,0,1,0,0,2,0,1,0,0,0,1,0,0,0,1,1,0,0,0,0,0
4,9,11,1.5,52.303762523798156,2.905764584655453,97.72692598309489,7,1,0,3,0,7,0,1,6,0,1,0,0,0,0,0,0,0,0,0,1,0,0,0,0,0,1,0,0,2,0,1,0,0,0,1,0,0,0,0,2,0,0,0,0,0
2,2,2,0.5,1.0,0.05555555555555555,100.0,6,1,0,4,0,16,0,0,7,0,0,0,0,0,0,0,0,0,0,0,1,0,0,0,0,0,1,0,0,0,0,1,0,0,0,0,0,0,0,0,1,0,0,0,0,0
3,6,6,1.0,15.509775004326936,0.861654166907052,98.1627160017615,9,1,1,5,1,6,1,1,12,0,0,0,0,0,0,0,0,0,0,0,1,0,0,0,0,0,1,0,0,1,0,1,0,0,0,0,0,0,0,1,1,0,0,0,0,0
2,0,0,0.0,0.0,0.0,100.0,8,1,0,4,0,16,0,1,8,0,0,0,0,0,0,0,0,0,0,0,1,0,0,0,0,0,1,0,0,0,0,1,0,0,0,0,0,0,0,0,1,0,0,0,0,0
2,3,3,0.5,2.3774437510817346,0.1320802083934297,100.0,5,1,0,4,0,6,2,0,6,0,0,0,0,0,0,0,0,0,0,0,1,0,0,0,0,0,1,0,0,0,0,1,0,0,0,0,0,0,0,0,1,0,0,0,0,1
3,8,12,1.3333333333333333,48.0,2.6666666666666665,94.09865482582134,9,1,0,5,1,6,3,1,8,0,0,0,0,0,0,0,0,0,0,0,1,0,0,0,0,0,1,0,0,1,0,1,0,0,0,0,0,0,0,1,1,0,0,0,0,0
3,3,3,0.5,2.3774437510817346,0.1320802083934297,100.0,6,1,1,5,5,1,0,0,8,0,0,0,0,0,0,0,0,0,0,0,1,0,0,0,0,0,1,0,0,1,0,1,0,0,0,0,0,0,0,0,1,0,0,0,0,1
1,0,0,0.0,0.0,0.0,100.0,5,0,0,2,11,0,0,0,5,0,0,0,0,0,0,0,0,0,0,0,1,0,0,0,0,0,0,0,0,0,0,0,1,0,0,0,0,0,0,0,1,0,0,0,0,1
2,4,6,2.0,24.0,1.3333333333333333,75.19998948515081,5,0,0,2,0,1,1,1,3,0,0,0,0,0,0,0,0,0,0,0,1,0,0,0,0,0,0,0,0,1,0,0,0,0,0,0,0,0,0,0,2,0,0,0,0,1
4,11,18,2.25,140.10698055481055,7.78372114193392,93.36684338696098,9,1,2,4,1,7,4,3,9,0,0,0,0,0,0,0,0,0,0,0,1,0,0,0,0,0,1,0,0,2,0,1,0,0,0,0,0,0,0,0,1,0,0,0,0,1
1,3,3,0.5,2.3774437510817346,0.1320802083934297,100.0,5,0,0,1,4,0,0,0,5,0,0,0,0,0,0,0,0,0,0,0,1,0,0,0,0,0,0,0,0,0,0,1,0,0,0,0,0,0,0,0,1,0,0,0,0,1
4,13,15,3.125,173.4581117878637,9.636561765992427,95.60577561115797,8,0,0,2,1,14,0,1,9,0,0,0,1,0,0,0,0,0,0,0,1,0,0,0,0,0,0,0,0,1,0,1,0,0,0,1,2,0,0,1,1,0,0,0,0,1
2,2,2,0.5,1.0,0.05555555555555555,100.0,5,1,0,4,4,1,0,0,6,0,0,0,0,0,0,0,0,0,0,0,1,0,0,0,0,0,1,0,0,0,0,1,0,0,0,0,0,0,0,0,1,0,0,0,0,1
4,5,5,1.0,11.60964047443681,0.6449800263576005,89.59498871175015,12,1,0,4,2,10,0,2,11,0,1,0,0,0,0,0,0,0,0,0,1,0,0,0,0,0,1,0,0,2,0,1,0,0,0,1,0,0,0,1,1,0,0,0,0,1
3,8,12,2.4,86.39999999999999,4.8,85.51309575748897,9,0,0,3,2,4,1,1,8,0,0,0,1,0,0,0,0,0,0,0,1,0,0,0,0,0,0,0,0,1,0,0,0,0,0,0,1,0,0,1,1,0,0,0,0,1
4,3,3,0.5,2.3774437510817346,0.1320802083934297,100.0,4,1,0,3,2,0,0,0,8,0,0,0,0,0,0,0,0,0,0,0,1,0,0,0,0,0,1,0,0,1,0,1,0,0,0,0,1,0,0,0,1,0,0,0,0,1
3,0,0,0.0,0.0,0.0,100.0,4,1,0,2,0,10,0,0,4,0,0,0,0,0,0,0,0,0,0,0,1,0,0,0,0,0,1,0,0,1,0,1,0,0,0,0,0,0,0,0,1,0,0,0,0,1
3,0,0,0.0,0.0,0.0,100.0,5,1,0,2,3,1,0,0,6,0,0,0,0,0,0,0,0,0,0,0,1,0,0,0,0,0,1,0,0,1,0,1,0,0,0,0,0,0,0,0,1,0,0,0,0,0
2,5,6,0.5,6.965784284662087,0.3869880158145604,86.68672812986041,10,2,0,5,1,5,1,1,13,0,0,0,0,0,0,0,0,0,0,0,1,0,0,0,0,0,2,0,0,0,1,2,0,0,0,0,0,0,0,0,1,0,0,0,0,0
4,10,11,1.5,54.81181356564148,3.0451007536467487,64.978140907935,11,1,0,5,1,3,2,2,12,0,0,0,0,0,0,0,0,0,0,0,1,0,0,0,0,0,1,0,0,2,0,1,1,0,0,1,0,0,0,1,1,0,0,0,0,1
3,5,5,1.0,11.60964047443681,0.6449800263576005,100.0,5,1,1,3,0,0,0,1,8,0,0,1,0,0,0,0,0,0,0,0,1,0,0,0,0,0,1,0,0,1,0,1,0,0,0,1,0,0,0,0,2,0,0,0,0,0
3,0,0,0.0,0.0,0.0,100.0,12,1,0,4,8,2,0,0,14,0,0,0,0,0,0,0,0,0,0,0,1,0,0,0,0,0,1,0,0,1,0,1,0,0,0,0,0,0,0,0,1,0,0,0,0,1
3,18,32,2.1,280.2189600969234,15.567720005384635,89.44155003785988,12,1,0,4,0,16,6,1,9,0,0,0,0,0,0,0,0,0,0,0,1,0,0,0,0,0,1,0,0,1,0,1,0,0,0,1,0,0,0,0,2,0,0,0,0,0
4,12,14,2.25,112.92631877271643,6.273684376262024,93.2288859840181,11,1,0,3,2,8,3,1,13,0,0,0,0,0,0,0,0,0,0,0,1,0,0,0,0,0,1,0,0,2,0,1,0,0,0,1,0,0,0,2,1,0,0,0,0,0
2,6,6,1.0,15.509775004326936,0.861654166907052,74.41979541019013,5,1,0,4,0,1,2,1,5,0,0,0,0,0,0,0,0,0,0,0,1,0,0,0,0,0,1,0,0,0,0,1,0,0,0,0,0,0,0,0,1,0,0,0,0,1
4,12,15,2.5,134.43609377704337,7.468671876502409,89.9013968838326,14,1,1,2,0,25,3,2,8,2,0,1,0,0,0,0,0,0,0,0,1,0,0,0,0,0,1,0,0,2,0,1,0,0,0,0,0,0,0,0,3,0,0,0,0,1
3,5,5,1.0,11.60964047443681,0.6449800263576005,99.04347631737402,9,1,0,3,1,11,0,1,8,0,0,0,0,0,0,0,0,0,0,0,1,0,0,0,0,0,1,0,0,1,0,1,0,0,0,1,0,0,0,1,1,0,0,0,0,0
3,6,9,1.5,34.89699375973561,1.938721875540867,69.21105078240375,8,1,0,4,1,0,2,2,5,0,0,0,0,0,0,0,0,0,0,0,1,0,0,0,0,0,1,0,0,1,0,2,0,0,0,0,0,0,0,0,1,0,0,0,0,0
1,0,0,0.0,0.0,0.0,100.0,2,0,0,1,0,1,0,0,7,0,0,0,0,0,0,0,0,0,0,0,1,0,0,0,0,0,0,0,0,0,0,0,0,0,0,0,0,0,0,0,1,0,0,0,0,0
2,5,5,1.0,11.60964047443681,0.6449800263576005,93.20470739070639,7,0,0,3,2,7,1,1,10,0,0,0,1,0,0,0,0,0,0,0,1,0,0,0,0,0,0,0,0,1,0,0,0,0,0,1,0,0,0,1,1,0,0,0,0,1
1,0,0,0.0,0.0,0.0,100.0,5,0,0,2,3,0,0,0,5,0,0,0,0,0,0,0,0,0,0,0,1,0,0,0,0,0,0,0,0,0,0,0,0,0,0,0,0,0,0,0,1,0,0,0,0,1
5,9,9,1.5,42.793987519471216,2.377443751081734,100.0,4,1,0,2,3,1,0,0,8,0,0,0,1,0,0,0,0,0,0,0,1,0,0,0,0,0,1,0,0,1,0,1,1,0,0,0,1,0,0,0,1,0,0,0,0,1
2,3,3,0.5,2.3774437510817346,0.1320802083934297,79.7423427057672,4,0,0,1,1,2,0,1,8,0,0,0,0,0,0,0,0,0,0,0,1,0,0,0,0,0,0,0,0,1,0,0,0,0,0,0,0,0,0,1,1,0,0,0,0,1
